id,make,model,year,engine,horsepower,torque,acceleration,price
1,Porsche,911,2022,3,379,331,4,"101,200"
2,Lamborghini,Huracan,2021,5.2,630,443,2.8,"274,390"
3,Ferrari,488 GTB,2022,3.9,661,561,3,"333,750"
4,Audi,R8,2022,5.2,562,406,3.2,"142,700"
5,McLaren,720S,2021,4,710,568,2.7,"298,000"
6,BMW,M8,2022,4.4,617,553,3.1,"130,000"
7,Mercedes-Benz,AMG GT,2021,4,523,494,3.8,"118,500"
8,Chevrolet,Corvette,2021,6.2,490,465,2.8,"59,900"
9,Ford,Mustang Shelby GT500,2022,5.2,760,625,3.5,"81,000"
10,Nissan,GT-R Nismo,2021,3.8,600,481,2.5,"212,000"
11,Aston Martin,DB11,2021,5.2,630,516,3.5,"201,495"
12,Bugatti,Chiron,2021,8,1500,1180,2.4,"3,000,000"
13,Dodge,Challenger SRT Hellcat,2022,6.2,717,656,3.5,"61,000"
14,Jaguar,F-Type,2022,3,296,295,5.4,"70,100"
15,Koenigsegg,Jesko,2021,5,1280,1015,2.5,"2,800,000"
16,Lexus,LC 500,2021,5,471,398,4.4,"92,950"
17,Lotus,Evora GT,2021,3.5,416,317,3.8,"104,450"
18,Maserati,GranTurismo,2021,4.7,454,384,4.8,"150,000"
19,Porsche,Boxster,2021,2,300,280,4.7,"62,000"
20,Alfa Romeo,Giulia Quadrifoglio,2022,2.9,505,443,3.8,"78,000"
21,Ariel,Atom,2021,2,320,243,2.8,"75,000"
22,Bentley,Continental GT,2021,6,626,664,3.6,"225,000"
23,McLaren,Artura,2022,3,671,531,3,"225,000"
24,Mercedes-AMG,SLS AMG,2021,6.2,622,468,3.5,"248,000"
25,Pagani,Huayra,2021,6,720,737,2.8,"2,800,000"
26,Polestar,1,2021,2,600,738,4.1,"155,000"
27,Rimac,Nevera,2022,Electric,1914,1696,1.85,"2,400,000"
28,Porsche,Cayman GT4,2022,4,414,309,3.8,"100,200"
29,Lamborghini,Aventador SVJ,2021,6.5,759,531,2.8,"517,770"
30,Ferrari,SF90 Stradale,2021,4,986,590,2.5,"625,000"
31,Audi,RS7,2022,4,591,590,3.5,"117,000"
32,McLaren,Artura,2021,3,671,531,3,"225,000"
33,BMW,M4,2022,3,503,479,3.8,"72,800"
34,Mercedes-Benz,SLS AMG,2015,6.2,622,468,3.2,"222,000"
35,Chevrolet,Camaro ZL1,2021,6.2,650,650,3.5,"64,695"
36,Ford,GT,2022,3.5,660,550,3,"500,000"
37,Nissan,370Z Nismo,2021,3.7,350,276,4.5,"45,690"
38,Porsche,Taycan 4S,2022,Electric Motor,562,479,3.8,"104,000"
39,Lamborghini,Urus,2021,4,641,626,3.5,"218,000"
40,Ferrari,Roma,2021,3.9,611,561,3.3,"222,000"
41,Audi,RS3,2022,2.5,394,369,3.9,"57,000"
42,McLaren,GT,2021,4,612,465,3.1,"210,000"
43,BMW,i8,2020,1.5 + Electric,369,420,4.2,"148,500"
44,Mercedes-Benz,CLS63 AMG,2019,4,603,627,3.4,"132,000"
45,Porsche,Cayman,2021,2,300,280,5.1,"58,900"
46,Lamborghini,Aventador SVJ,2021,6.5,759,531,2.8,"518,000"
47,Ferrari,SF90 Stradale,2021,4,986,590,2.5,"625,000"
48,Audi,RS3,2022,2.5,394,369,3.9,"56,200"
49,McLaren,570S,2021,3.8,562,443,2.8,"192,500"
50,BMW,M4,2022,3,503,479,3.8,"71,800"
51,Mercedes-Benz,AMG C63,2021,4,503,516,3.8,"68,000"
52,Chevrolet,Camaro SS,2021,6.2,455,455,4.1,"42,500"
53,Ford,Mustang GT,2022,5,460,420,4.3,"39,000"
54,Nissan,370Z Nismo,2021,3.7,350,276,4.8,"46,100"
55,Aston Martin,Vantage,2021,4,503,505,3.5,"142,100"
56,Lotus,Evora GT,2021,3.5,416,317,3.8,"105,000"
57,Porsche,Panamera,2021,2.9,325,331,5.1,"87,200"
58,Lamborghini,Urus,2021,4,641,627,3.2,"218,000"
59,Ferrari,Roma,2021,3.9,612,560,3.4,"222,000"
60,Audi,S5,2022,3,349,369,4.4,"52,500"
61,McLaren,600LT,2021,3.8,592,457,2.8,"241,000"
62,BMW,M5,2022,4.4,600,553,3.2,"103,500"
63,Aston Martin,Vantage,2022,4,503,505,3.5,"146,000"
64,Audi,RS5,2021,2.9,444,443,3.6,"75,400"
65,BMW,M2,2022,3,405,406,4,"58,900"
66,Chevrolet,Camaro SS,2021,6.2,455,455,4,"42,900"
67,Dodge,Challenger SRT Hellcat Redeye,2022,6.2,797,707,3.4,"78,595"
68,Ford,GT,2021,3.5,660,550,3,"500,000"
69,Jaguar,F-Type,2022,2,296,295,5.4,"62,750"
70,Lamborghini,Aventador,2021,6.5,770,531,2.9,"417,826"
71,Maserati,GranTurismo,2021,4.7,454,384,4.7,"150,980"
72,McLaren,Artura,2022,3,671,531,3,"225,000"
73,Mercedes-Benz,C63 AMG,2021,4,503,516,3.8,"70,100"
74,Nissan,370Z,2021,3.7,332,270,5,"30,090"
75,Porsche,Panamera,2022,2.9,325,331,5.3,"88,700"
76,Audi,TT RS,2021,2.5,394,354,3.6,"67,600"
77,BMW,M4,2022,3,473,406,4.1,"72,800"
78,Chevrolet,Corvette Stingray,2021,6.2,490,465,2.8,"59,900"
79,Ferrari,F8 Tributo,2021,3.9,710,568,2.8,"274,280"
80,Ford,Mustang Mach 1,2021,5,480,420,4.3,"52,915"
81,Lamborghini,Urus,2021,4,641,627,3.6,"218,009"
82,Porsche,718 Cayman,2022,2,300,280,4.5,"61,000"
83,Acura,NSX,2022,3.5,573,476,2.9,"159,495"
84,Aston Martin,Vantage,2022,4,503,505,3.5,"142,086"
85,Bentley,Continental GT,2021,6,626,664,3.3,"219,800"
86,Bugatti,Chiron,2022,8,1500,1180,2.4,"3,000,000"
87,Dodge,Challenger SRT Hellcat Redeye,2022,6.2,797,707,3.4,"74,290"
88,Jaguar,F-Type,2022,3,380,339,4.9,"71,900"
89,Koenigsegg,Jesko,2022,5,1600,1106,2.5,"3,000,000"
90,Lexus,LC 500,2022,5,471,398,4.4,"92,950"
91,Lotus,Evora GT,2021,3.5,416,317,3.8,"105,000"
92,Maserati,GranTurismo,2022,4.7,454,384,4.7,"134,300"
93,Mazda,MX-5 Miata,2021,2,181,151,6.5,"26,830"
94,McLaren,GT,2022,4,620,465,3.1,"213,195"
95,Mercedes-Benz,SLS AMG,2015,6.2,622,468,3.7,"221,580"
96,Pagani,Huayra,2022,6,764,738,2.8,"2,800,000"
97,Porsche,718 Cayman GT4,2022,4,414,309,4.2,"100,550"
98,Rimac,Nevera,2022,Electric,1914,1696,1.95,"2,400,000"
99,Rolls-Royce,Wraith,2021,6.8,624,605,4.4,"330,000"
100,Tesla,Roadster,2022,Electric,1000+,737,1.9,"200,000"
101,Toyota,Supra,2022,3,382,368,3.9,"43,090"
102,W Motors,Fenyr Supersport,2022,3.8,800,723,2.7,"1,700,000"
103,Porsche,718 Cayman,2022,2,300,280,4.7,"60,500"
104,Lamborghini,Aventador,2021,6.5,770,531,2.9,"522,000"
105,Ferrari,SF90 Stradale,2021,4,986,590,2.5,"625,000"
106,Audi,TT RS,2022,2.5,394,354,3.4,"67,000"
107,McLaren,GT,2021,4,612,465,3.1,"212,500"
108,BMW,M4,2022,3,503,479,3.8,"75,000"
109,Mercedes-Benz,SL 63 AMG,2021,4,603,664,3.5,"155,000"
110,Chevrolet,Camaro ZL1,2021,6.2,650,650,3.5,"64,000"
111,Ford,GT,2022,3.5,660,550,2.8,"500,000"
112,Nissan,370Z,2021,3.7,332,270,4.7,"31,015"
113,Aston Martin,DBS Superleggera,2021,5.2,715,664,3.4,"304,995"
114,Bugatti,Chiron,2021,8,1500,1180,2.4,"3,000,000"
115,Lotus,Evora GT,2021,3.5,416,317,3.8,"105,000"
116,McLaren,570S,2021,3.8,562,443,3.2,"192,500"
117,Porsche,Panamera Turbo S E-Hybrid,2021,4,690,642,3.2,"190,000"
118,Lamborghini,Urus,2021,4,641,627,3.6,"222,000"
119,Ferrari,Roma,2021,3.9,611,561,3.3,"222,000"
120,Audi,RS7,2021,4,591,590,3.5,"115,000"
121,BMW,M2,2022,3,405,406,4.2,"59,000"
122,Porsche,Cayman GT4,2022,4,414,309,4.2,"102,100"
123,Lamborghini,Aventador,2021,6.5,730,509,2.9,"417,826"
124,Aston Martin,DBS Superleggera,2021,5.2,715,664,3.2,"304,995"
125,Bentley,Continental GT,2021,6,626,664,3.6,"220,300"
126,Audi,RS7,2022,4,591,590,3.5,"114,000"
127,Mercedes-Benz,SLS AMG,2021,6.2,622,468,3.7,"239,100"
128,McLaren,570S,2021,3.8,562,443,3.1,"192,500"
129,BMW,M2,2022,3,405,406,4,"58,900"
130,Chevrolet,Camaro ZL1,2021,6.2,650,650,3.5,"62,500"
131,Dodge,Challenger SRT Hellcat,2021,6.2,717,656,3.5,"65,290"
132,Ferrari,Portofino,2021,3.9,592,560,3.5,"219,750"
133,Porsche,Panamera Turbo S,2022,4,620,604,2.9,"187,700"
134,Lamborghini,Urus,2021,4,641,627,3.6,"222,004"
135,Mercedes-Benz,AMG C63,2021,4,469,479,3.8,"71,350"
136,Aston Martin,Vantage,2021,4,503,505,3.6,"146,000"
137,Audi,S5,2022,3,349,369,4.4,"52,500"
138,Porsche,Cayman,2022,2.5,365,309,4.5,"68,900"
139,Lamborghini,Aventador,2021,6.5,730,507,2.8,"517,770"
140,Ferrari,F8 Tributo,2022,3.9,710,568,2.9,"276,550"
141,Audi,TT RS,2021,2.5,394,354,3.6,"67,600"
142,McLaren,570S,2021,3.8,562,443,3.1,"192,500"
143,BMW,Z4 M40i,2022,3,382,369,3.9,"63,700"
144,Mercedes-Benz,SLS AMG,2015,6.2,622,468,3.7,"221,580"
145,Chevrolet,Camaro SS,2022,6.2,455,455,4.1,"44,000"
146,Ford,Mustang Mach 1,2021,5,480,420,4,"51,720"
147,Nissan,370Z Nismo,2021,3.7,350,276,4.9,"45,790"
148,Porsche,Panamera,2022,2.9,325,331,5.4,"88,550"
149,Lamborghini,Urus,2021,4,641,627,3.5,"218,009"
150,Ferrari,Roma,2021,3.9,612,561,3.3,"222,620"
151,Audi,RS 3,2022,2.5,401,369,3.6,"56,200"
152,McLaren,GT,2021,4,612,465,3.2,"200,000"
153,BMW,M2 CS,2022,3,444,406,3.8,"84,595"
154,Mercedes-Benz,AMG C63,2021,4,503,516,3.8,"77,500"
155,Chevrolet,Camaro ZL1,2021,6.2,650,650,3.5,"62,500"
156,Acura,NSX,2021,3.5,573,476,2.7,"157,500"
157,Aston Martin,DB11,2022,4,503,513,3.7,"204,100"
158,Bentley,Continental GT,2021,6,626,664,3.4,"220,300"
159,Bugatti,Chiron,2021,8,1500,1180,2.4,"3,000,000"
160,Dodge,Viper,2017,8.4,645,600,3.3,"120,000"
161,Jaguar,F-Type,2022,3,380,339,4.9,"69,900"
162,Koenigsegg,Jesko,2022,5,1600,1106,2.5,"3,000,000"
163,Lexus,LC 500,2022,5,471,398,4.4,"92,950"
164,Lotus,Evora GT,2021,3.5,416,317,3.8,"105,950"
165,Maserati,GranTurismo,2020,4.7,454,384,4.8,"150,000"
166,McLaren,570S,2020,3.8,562,443,3.1,"204,550"
167,Pagani,Huayra,2020,6,720,738,3,"2,700,000"
168,Porsche,Cayman GT4,2022,4,414,309,4.2,"102,900"
169,Rimac,C_Two,2022,N/A,1914,1696,1.9,"2,400,000"
170,Rolls-Royce,Wraith,2021,6.6,624,605,4.3,"330,000"
171,Shelby,Cobra,1965,7,435,440,4.2,"1,000,000"
172,Tesla,Model S Plaid,2021,N/A,1020,1050,1.98,"131,190"
173,Toyota,GR Supra,2022,3,382,368,3.9,"43,090"
174,TVR,Griffith,2022,5,500,479,3.8,"123,500"
175,W Motors,Lykan Hypersport,2015,3.7,780,708,2.8,"3,400,000"
176,Porsche,718 Cayman,2021,2,300,280,4.5,"61,500"
177,Lamborghini,Aventador SVJ,2021,6.5,770,531,2.8,"518,000"
178,Ferrari,SF90 Stradale,2022,4,986,590,2.5,"507,000"
179,Audi,RS 6,2021,4,591,590,3.5,"109,000"
180,McLaren,GT,2021,4,612,465,3.1,"210,000"
181,BMW,M2 CS,2022,3,444,406,3.8,"84,595"
182,Mercedes-Benz,SLS AMG,2015,6.2,622,468,3.6,"228,000"
183,Chevrolet,Camaro SS,2021,6.2,455,455,4,"42,000"
184,Ford,GT,2022,3.5,660,550,2.8,"500,000"
185,Nissan,370Z Nismo,2021,3.7,350,276,5,"45,000"
186,Porsche,Taycan,2021,Electric,750,774,2.6,"185,000"
187,Lamborghini,Urus,2021,4,641,627,3.6,"222,004"
188,Ferrari,F8 Tributo,2021,3.9,710,568,2.9,"276,550"
189,Audi,RS 3,2022,2.5,401,354,3.5,"56,000"
190,McLaren,570S,2021,3.8,562,443,3.1,"191,000"
191,BMW,M5,2022,4.4,600,553,3.2,"104,000"
192,Mercedes-Benz,AMG C 63,2021,4,469,479,3.9,"69,900"
193,Chevrolet,Camaro ZL1,2021,6.2,650,650,3.5,"64,000"
194,Porsche,Taycan,2022,2,402,254,5.1,"81,250"
195,Lamborghini,Aventador,2021,6.5,730,509,2.9,"517,700"
196,Aston Martin,DBS Superleggera,2022,5.2,715,663,3.4,"330,000"
197,Audi,RS 6 Avant,2021,4,591,590,3.5,"109,000"
198,McLaren,600LT,2021,3.8,592,457,2.8,"242,500"
199,Mercedes-AMG,C 63 S Coupe,2022,4,503,516,3.7,"77,000"
200,BMW,M4,2022,3,473,406,4.1,"72,800"
201,Chevrolet,Camaro ZL1,2021,6.2,650,650,3.5,"62,000"
202,Dodge,Challenger SRT Hellcat Redeye,2022,6.2,797,707,3.5,"76,000"
203,Ford,GT,2022,3.5,660,550,2.9,"500,000"
204,Nissan,370Z,2021,3.7,332,270,4.9,"30,090"
205,Porsche,Panamera,2022,2.9,325,332,5.3,"87,200"
206,Lamborghini,Urus,2021,4,641,626,3.5,"218,000"
207,Bugatti,Chiron,2021,8,1500,1180,2.3,"3,000,000"
208,Ferrari,F8 Tributo,2021,3.9,710,568,2.9,"274,280"
209,Audi,RS 7,2021,4,591,590,3.5,"114,000"
210,McLaren,570S,2021,3.8,562,443,3.1,"191,000"
211,Aston Martin,Vantage,2022,4,503,505,3.5,"142,086"
212,Jaguar,F-Type,2022,5,575,516,3.5,"103,200"
213,Porsche,Panamera Turbo S,2021,4,620,604,2.9,"177,700"
214,Lamborghini,Aventador S,2021,6.5,729,509,2.9,"417,650"
215,Ferrari,SF90 Stradale,2021,4,986,590,2.5,"625,000"
216,Audi,RS7,2022,4,591,590,3.5,"115,045"
217,McLaren,600LT,2021,3.8,592,457,2.9,"256,500"
218,BMW,M2 Competition,2022,3,405,406,4,"59,895"
219,Mercedes-Benz,S63 AMG,2021,4,603,664,3.4,"152,500"
220,Chevrolet,Camaro ZL1,2021,6.2,650,650,3.5,"64,695"
221,Dodge,Challenger SRT Hellcat,2022,6.2,717,656,3.5,"69,995"
222,Ford,GT,2022,3.5,660,550,2.9,"500,000"
223,Porsche,Taycan Turbo S,2021,N/A,750,774,2.6,"185,000"
224,Lamborghini,Urus,2021,4,641,627,3.2,"218,009"
225,Ferrari,812 Superfast,2021,6.5,789,530,2.9,"363,730"
226,Audi,R8 Spyder,2022,5.2,562,406,3.5,"183,300"
227,McLaren,GT,2021,4,612,465,3.1,"210,000"
228,BMW,M4,2022,3,473,406,4.1,"73,795"
229,Mercedes-Benz,AMG GT R,2021,4,577,516,3.5,"183,000"
230,Chevrolet,Corvette Stingray,2021,6.2,495,470,2.9,"60,995"
231,Aston Martin,DB11,2022,5.2,630,516,3.5,"207,000"
232,Bentley,Continental GT,2022,6,626,664,3.5,"203,825"
233,Jaguar,F-Type R,2021,5,575,516,3.5,"103,200"
234,Acura,NSX,2022,3.5,573,476,2.7,"157,500"
235,Lotus,Evora GT,2021,3.5,416,317,3.7,"99,800"
236,Porsche,Cayman GT4,2021,4,414,309,4.2,"100,200"
237,Alfa Romeo,4C,2020,1.7,237,258,4.1,"67,150"
238,Audi,RS5,2022,2.9,444,443,3.7,"77,250"
239,BMW,M2 Competition,2021,3,405,406,4,"58,900"
240,Chevrolet,Camaro ZL1,2021,6.2,650,650,3.5,"64,695"
241,Dodge,Charger SRT Hellcat,2022,6.2,717,650,3.6,"71,490"
242,Ford,GT,2022,3.5,660,550,2.8,"500,000"
243,Lexus,LC 500,2022,5,471,398,4.4,"92,950"
244,Maserati,GranTurismo,2020,4.7,454,384,4.8,"150,400"
245,Nissan,370Z Nismo,2021,3.7,350,276,4.6,"47,820"
246,Rolls-Royce,Wraith,2022,6.8,624,605,4.4,"330,000"
247,Subaru,WRX STI,2021,2.5,310,290,4.6,"38,170"
248,Tesla,Model S Plaid,2022,N/A,1020,1050,1.9,"131,190"
249,Porsche,Cayman GT4,2021,4,414,309,4.2,"102,000"
250,Lamborghini,Aventador,2021,6.5,729,507,2.9,"393,695"
251,Ferrari,Portofino,2022,3.9,591,413,3.3,"218,750"
252,Audi,RS7,2021,4,591,590,3.5,"114,000"
253,McLaren,600LT,2021,3.8,592,457,2.8,"256,500"
254,BMW,M2,2022,3,405,406,4,"58,900"
255,Mercedes-Benz,AMG GT,2021,4,523,494,3.8,"118,500"
256,Chevrolet,Camaro SS,2021,6.2,455,455,4.1,"40,590"
257,Ford,Mustang Mach 1,2021,5,480,420,4,"52,720"
258,Nissan,370Z Nismo,2021,3.7,350,276,4.6,"45,000"
259,Porsche,Panamera Turbo,2022,4,620,604,3.1,"174,300"
260,Lamborghini,Urus,2021,4,641,627,3.2,"222,004"
261,Ferrari,SF90 Stradale,2022,4,986,590,2.5,"625,000"
262,Audi,TT RS,2022,2.5,394,354,3.4,"67,895"
263,McLaren,GT,2021,4,612,465,3.1,"210,000"
264,Dodge,Challenger SRT Hellcat,2021,6.2,717,656,3.5,"62,290"
265,Aston Martin,DBS Superleggera,2021,5.2,715,663,3.2,"304,995"
266,Jaguar,F-Type R,2021,5,575,516,3.5,"103,200"
267,Lexus,LC 500,2022,5,471,398,4.4,"93,050"
268,Porsche,Cayman GT4,2022,4,414,309,4.2,"101,200"
269,BMW,M2 Competition,2022,3,405,406,4,"59,895"
270,Audi,RS 5 Coupe,2021,2.9,444,443,3.7,"75,100"
271,Chevrolet,Camaro ZL1,2021,6.2,650,650,3.5,"64,195"
272,Lotus,Evora GT,2022,3.5,416,317,3.8,"105,000"
273,McLaren,GT,2021,4,612,465,3.1,"211,000"
274,Mercedes-Benz,SLS AMG Black Series,2014,6.2,622,468,3.5,"275,000"
275,Bugatti,Chiron,2021,8,1500,1180,2.4,"2,998,000"
276,Koenigsegg,Jesko,2021,5,1280,1015,2.5,"3,000,000"
277,Ferrari,SF90 Stradale,2021,4,986,590,2.5,"625,000"
278,Lamborghini,Aventador SVJ,2020,6.5,770,531,2.8,"573,966"
279,Rimac,C_Two,2022,Electric,1914,1732,1.85,"2,400,000"
280,Pagani,Huayra Roadster BC,2021,6,791,774,2.5,"3,500,000"
281,Pininfarina,Battista,2022,Electric,1874,1696,1.9,"2,500,000"
282,Acura,NSX,2022,3.5,573,476,2.9,"157,500"
283,Aston Martin,Vantage,2021,4,503,505,3.5,"146,000"
284,Bentley,Continental GT,2022,4,542,568,3.9,"219,800"
285,Dodge,Challenger SRT Hellcat,2022,6.2,717,656,3.5,"70,000"
286,Jaguar,F-Type,2022,2,296,295,5.4,"61,600"
287,Kia,Stinger,2022,3.3,368,376,4.7,"52,200"
288,Lotus,Evora GT,2021,3.5,416,317,3.8,"100,450"
289,Maserati,GranTurismo,2021,4.7,454,384,4.8,"134,300"
290,Porsche,718 Cayman GT4,2022,4,414,309,4.2,"102,550"
291,Alfa Romeo,Giulia Quadrifoglio,2021,2.9,505,443,3.8,"76,400"
292,Audi,RS7,2021,4,591,590,3.5,"114,000"
293,BMW,M5,2022,4.4,600,553,3.2,"103,500"
294,Chevrolet,Camaro ZL1,2022,6.2,650,650,3.5,"69,000"
295,Ford,GT,2022,3.5,660,550,3,"500,000"
296,Lamborghini,Aventador,2021,6.5,770,531,2.8,"417,826"
297,McLaren,Artura,2021,3,671,531,3,"225,000"
298,Mercedes-Benz,SLS AMG,2021,4,577,516,3.6,"247,500"
299,Nissan,370Z Nismo,2021,3.7,350,276,4.8,"45,790"
300,Porsche,Taycan,2022,Electric,616,774,2.6,"79,900"
301,Tesla,Model S,2022,Electric,1020,1050,1.98,"119,000"
302,Aston Martin,DBS Superleggera,2022,5.2,715,664,3.2,"307,820"
303,Bentley,Continental GT,2022,4,542,568,3.4,"207,825"
304,Bugatti,Chiron,2021,8,1479,1180,2.3,"2,998,000"
305,McLaren,570S,2021,3.8,562,443,3.1,"202,500"
306,Porsche,Taycan Turbo S,2021,Electric,750,774,2.6,"185,000"
307,Lamborghini,Aventador S,2021,6.5,730,509,2.9,"417,826"
308,Ferrari,F8 Tributo,2022,3.9,710,568,2.8,"276,550"
309,Audi,RS 7,2022,4,591,590,3.5,"114,000"
310,BMW,M2 CS,2022,3,444,406,4,"84,595"
311,Mercedes-Benz,SLS AMG,2021,6.2,622,468,3.2,"275,000"
312,Chevrolet,Camaro ZL1,2021,6.2,650,650,3.5,"63,000"
313,Ford,GT,2022,3.5,660,550,3,"500,000"
314,Jaguar,F-Type,2021,5,575,516,3.5,"103,200"
315,Lotus,Evora GT,2021,3.5,416,317,3.8,"96,950"
316,Maserati,GranTurismo,2022,4.7,454,384,4.8,"134,300"
317,McLaren,765LT,2021,4,755,590,2.8,"358,000"
318,Nissan,370Z,2021,3.7,332,270,5,"30,000"
319,Pagani,Huayra,2021,6,730,738,3,"2,600,000"
320,Porsche,Panamera Turbo S,2021,4,620,604,2.9,"180,000"
321,Tesla,Model S Plaid,2021,Electric,1020,1050,1.9,"131,100"
322,Aston Martin,DB11,2021,4,503,513,4,"201,495"
323,Dodge,Challenger Hellcat Redeye,2022,6.2,797,707,3.4,"82,190"
324,Lotus,Evora,2021,3.5,416,317,3.8,"96,950"
325,Acura,NSX,2021,3.5,573,476,2.7,"159,495"
326,Alfa Romeo,Giulia Quadrifoglio,2021,2.9,505,443,3.8,"76,950"
327,Bentley,Continental GT,2021,6,626,664,3.3,"202,500"
328,Jaguar,F-Type,2022,3,380,339,4.9,"70,100"
329,Koenigsegg,Jesko,2022,5,1280,1015,2.5,"3,000,000"
330,Lexus,LC 500,2021,5,471,398,4.4,"92,950"
331,Maserati,GranTurismo,2022,4.7,454,384,4.8,"132,795"
332,McLaren,GT,2022,4,612,465,3.1,"215,500"
333,Mercedes-AMG,C 63 S Coupe,2022,4,503,516,3.7,"80,900"
334,Porsche,718 Cayman,2021,2,300,280,4.9,"59,900"
335,Rolls-Royce,Wraith,2021,6.8,624,605,4.3,"330,000"
336,Tesla,Roadster,2022,-,1000+,-,1.9,"200,000"
337,Chevrolet,Camaro SS,2021,6.2,455,455,4,"40,000"
338,Ford,GT,2022,3.5,660,550,3,"500,000"
339,Acura,NSX,2022,3.5,573,476,2.7,"157,500"
340,Aston Martin,DB11,2021,5.2,630,516,3.7,"209,000"
341,Bentley,Continental GT,2022,4,542,568,3.9,"202,500"
342,Bugatti,Chiron,2021,8,1500,1180,2.4,"3,000,000"
343,Dodge,Challenger Hellcat,2022,6.2,717,656,3.5,"67,500"
344,Jaguar,F-Type,2021,5,575,516,3.5,"103,200"
345,Koenigsegg,Jesko,2022,5,1280,1106,2.5,"2,800,000"
346,Lexus,LC,2021,5,471,398,4.4,"92,950"
347,Lotus,Evora GT,2021,3.5,416,317,3.8,"104,200"
348,Maserati,GranTurismo,2021,4.7,454,384,4.7,"133,050"
349,McLaren,570S,2021,3.8,562,443,3.1,"196,350"
350,Mercedes-Benz,AMG C63,2022,4,503,516,3.8,"69,900"
351,Pagani,Huayra BC,2021,6,791,774,2.7,"2,600,000"
352,Porsche,Cayman GT4,2022,4,414,309,4.2,"102,900"
353,Rimac,Nevera,2022,Electric,1914,1696,1.85,"2,400,000"
354,Rolls-Royce,Wraith,2021,6.7,624,605,4.4,"338,000"
355,Tesla,Roadster,2022,Electric,1000+,"10,000+",1.9,"200,000"
356,Acura,NSX,2022,3.5,573,476,2.7,"157,500"
357,Aston Martin,Vantage,2021,4,503,505,3.5,"150,000"
358,Bentley,Continental GT,2021,6,626,664,3.6,"218,400"
359,Dodge,Challenger SRT Hellcat Redeye,2021,6.2,797,707,3.5,"73,000"
360,Jaguar,F-Type R,2022,5,575,516,3.5,"103,200"
361,Lexus,LC 500,2021,5,471,398,4.4,"92,950"
362,Lotus,Evora GT,2021,3.5,416,317,3.8,"104,970"
363,Maserati,GranTurismo,2021,4.7,454,384,4.8,"132,400"
364,Porsche,Cayman GT4,2021,4,414,309,4.2,"101,200"
365,Tesla,Roadster,2023,Electric,"1,000+",737,< 1.9,"200,000"
366,Alpine,A110,2021,1.8,288,236,4.4,"71,500"
367,Audi,RS7,2021,4,591,590,3.5,"114,000"
368,BMW,M4,2021,3,473,406,4.1,"71,800"
369,Chevrolet,Camaro ZL1,2021,6.2,650,650,3.5,"64,195"
370,Dodge,Viper,2017,8.4,645,600,3.3,"118,795"
371,Ferrari,Portofino,2021,3.9,591,560,3.5,"218,750"
372,Jaguar,F-Type,2022,3,296,295,5.4,"61,600"
373,Lamborghini,Aventador SVJ,2021,6.5,770,531,2.8,"517,700"
374,McLaren,600LT,2021,3.8,592,457,2.8,"240,000"
375,Aston Martin,DB11,2021,5.2,630,516,3.5,"221,400"
376,Bentley,Continental GT,2021,6,626,664,3.6,"202,500"
377,Bugatti,Chiron,2022,8,1500,1180,2.4,"3,000,000"
378,Dodge,Challenger SRT Hellcat,2021,6.2,717,656,3.5,"64,100"
379,Jaguar,F-Type R,2022,5,575,516,3.5,"103,200"
380,Koenigsegg,Jesko,2022,5,1280,1015,2.5,"2,800,000"
381,Lexus,LC 500,2021,5,471,398,4.4,"92,950"
382,Lotus,Evora GT,2021,3.5,416,317,3.8,"100,450"
383,Maserati,GranTurismo,2021,4.7,454,384,4.8,"150,980"
384,McLaren,Artura,2022,3,671,531,3,"225,000"
385,Mercedes-AMG,C 63 S,2022,4,503,516,3.7,"81,550"
386,Pagani,Huayra,2021,6,764,738,2.8,"3,500,000"
387,Porsche,Cayman GT4,2021,4,414,309,4.2,"102,550"
388,Rimac,C_Two,2022,N/A,1888,1696,1.8,"2,400,000"
389,Rolls-Royce,Wraith,2021,6.6,624,642,4.4,"330,000"
390,Tesla,Roadster,2022,N/A,10000+,0,1.9,"200,000"
391,Toyota,Supra,2022,3,382,368,3.9,"43,090"
392,Acura,NSX,2021,3.5,573,476,2.7,"157,500"
393,Aston Martin,Vantage,2021,4,503,505,3.5,"146,000"
394,Bentley,Continental GT,2022,4,542,568,3.9,"207,825"
395,Dodge,Challenger SRT Hellcat,2021,6.2,717,656,3.5,"64,195"
396,Jaguar,F-Type,2022,3,380,339,4.8,"62,250"
397,Lexus,LC 500,2022,5,471,398,4.4,"92,000"
398,Lotus,Evora GT,2021,3.5,416,317,3.8,"105,000"
399,Maserati,GranTurismo,2022,4.7,454,384,4.7,"134,300"
400,McLaren,570S,2022,3.8,562,443,2.9,"204,550"
401,Porsche,Cayman GT4,2021,4,414,309,4.2,"102,000"
402,Tesla,Model S Plaid,2021,Electric (tri-motor),1020,1050,1.9,"141,190"
403,Audi,RS 5,2021,2.9,444,443,3.5,"75,100"
404,BMW,M2 Competition,2022,3,405,406,4,"59,895"
405,Chevrolet,Camaro ZL1,2021,6.2,650,650,3.5,"64,995"
406,Dodge,Viper ACR,2017,8.4,645,600,3.3,"126,190"
407,Ford,GT,2021,3.5,660,550,2.9,"500,000"
408,Porsche,Taycan 4S,2022,2.5,482,472,3.8,"102,900"
409,Lamborghini,Aventador S,2021,6.5,730,509,2.9,"417,650"
410,Aston Martin,DB11,2021,5.2,630,516,3.5,"205,000"
411,Alfa Romeo,Giulia Quadrifoglio,2022,2.9,505,443,3.8,"81,250"
412,Audi,RS7 Sportback,2022,4,591,590,3.5,"115,045"
413,BMW,M4 Competition,2021,3,503,479,3.9,"75,695"
414,Chevrolet,Camaro SS,2022,6.2,455,455,4.1,"42,000"
415,Dodge,Charger Hellcat,2021,6.2,717,650,3.6,"71,490"
416,Ferrari,F8 Tributo,2021,3.9,710,568,2.9,"274,280"
417,Ford,GT,2021,3.5,660,550,2.8,"500,000"
418,Jaguar,F-Type R,2021,5,575,516,3.5,"103,200"
419,Koenigsegg,Jesko Absolut,2022,5,1600,1106,2.1,"2,800,000"
420,Lexus,LC 500,2021,5,471,398,4.4,"93,050"
421,Lotus,Evija,2022,Electric,1973,1254,2.5,"2,750,000"
422,McLaren,GT,2022,4,612,465,3.2,"210,000"
423,Mercedes-Benz,AMG GT Black Series,2021,4,720,590,3.2,"326,050"
424,Porsche,Cayman GT4,2021,4,414,309,4.2,"102,500"
425,Lamborghini,Aventador,2021,6.5,770,531,2.8,"417,650"
426,Ferrari,Portofino,2021,3.9,591,560,3.3,"218,750"
427,Audi,TT RS,2022,2.5,394,354,3.6,"69,000"
428,McLaren,600LT Spider,2021,3.8,592,457,2.8,"256,500"
429,BMW,M4,2022,3,473,406,4.1,"72,800"
430,Mercedes-Benz,AMG C 63,2022,4,503,516,3.8,"70,000"
431,Chevrolet,Camaro SS 1LE,2021,6.2,455,455,4,"44,500"
432,Ford,Mustang Mach 1,2021,5,480,420,4,"51,000"
433,Nissan,370Z Nismo,2021,3.7,350,276,5.2,"45,000"
434,Aston Martin,Vantage,2021,4,503,505,3.5,"146,000"
435,Bugatti,Chiron,2022,8,1500,1180,2.4,"3,000,000"
436,Koenigsegg,Jesko,2021,5,1262,1106,2.5,"3,000,000"
437,Pagani,Huayra,2021,6,764,738,2.6,"2,600,000"
438,McLaren,Speedtail,2021,4,1035,848,2.5,"2,300,000"
439,Lamborghini,Sián,2021,6.5,819,531,2.8,"3,600,000"
440,Rimac,C_Two,2021,Electric,1914,1732,1.8,"2,400,000"
441,Porsche,Cayman,2022,2,300,280,4.9,"59,900"
442,Lamborghini,Aventador,2021,6.5,770,531,2.8,"393,695"
443,Ferrari,Portofino,2021,3.9,591,413,3.5,"215,000"
444,Audi,RS 5,2022,2.9,444,443,3.7,"75,100"
445,McLaren,GT,2021,4,620,465,3.1,"210,000"
446,BMW,Z4 M40i,2022,3,382,369,4.3,"63,700"
447,Mercedes-Benz,SLC 43,2020,3,385,384,4.6,"62,000"
448,Chevrolet,Camaro SS,2022,6.2,455,455,4.3,"42,500"
449,Ford,Mustang GT,2022,5,460,420,4.3,"36,120"
450,Nissan,370Z Nismo,2020,3.7,350,276,4.6,"45,790"
451,Aston Martin,Vantage,2022,4,503,505,3.6,"146,000"
452,Bentley,Continental GT,2021,4,626,664,3.3,"220,000"
453,Porsche,718 Boxster,2022,2,300,280,4.9,"62,000"
454,Lamborghini,Urus,2021,4,641,627,3.6,"222,004"
455,Ferrari,F8 Spider,2021,3.9,710,568,2.9,"280,000"
456,Audi,TT RS,2022,2.5,394,354,3.6,"69,900"
457,McLaren,570S,2021,3.8,562,443,2.9,"208,800"
458,BMW,M4,2022,3,473,406,4,"72,800"
459,Porsche,718 Cayman,2022,2,300,280,4.9,"60,500"
460,Lamborghini,Aventador,2021,6.5,730,509,2.9,"393,695"
461,Ferrari,SF90 Stradale,2022,4,986,590,2.5,"625,000"
462,Audi,RS5,2022,2.9,444,443,3.7,"75,100"
463,McLaren,GT,2021,4,612,465,3.2,"208,800"
464,BMW,M2,2022,3,405,406,4,"58,900"
465,Mercedes-Benz,SLS AMG,2015,6.2,622,468,3.6,"229,000"
466,Chevrolet,Camaro ZL1,2021,6.2,650,650,3.5,"62,000"
467,Ford,GT,2022,3.5,660,550,3,"500,000"
468,Nissan,370Z Nismo,2020,3.7,350,276,5.2,"46,200"
469,Dodge,Challenger SRT Hellcat,2021,6.2,717,656,3.6,"71,000"
470,Aston Martin,DBS Superleggera,2021,5.2,715,663,3.2,"308,000"
471,Alfa Romeo,Giulia Quadrifoglio,2022,2.9,505,443,3.8,"80,500"
472,Jaguar,F-Type R,2021,5,575,516,3.5,"105,900"
473,Lotus,Evora GT,2020,3.5,416,317,3.8,"96,950"
474,Maserati,GranTurismo,2019,4.7,454,384,4.7,"150,980"
475,Porsche,Panamera Turbo S,2022,4,630,604,2.9,"180,800"
476,Lamborghini,Urus,2021,4,641,627,3.2,"218,000"
477,Aston Martin,Vantage,2021,4,503,505,3.5,"146,000"
478,Lotus,Evora,2021,3.5,416,317,3.8,"94,000"
479,Alfa Romeo,4C Spider,2020,1.7,237,258,4.1,"67,150"
480,Jaguar,F-Type,2022,3,380,339,4.9,"70,900"
481,Maserati,GranTurismo,2021,4.7,454,384,4.7,"134,300"
482,Porsche,Cayman GT4,2021,4,414,309,4.2,"100,200"
483,Audi,RS5 Coupe,2022,2.9,444,443,3.7,"76,450"
484,BMW,M2 Competition,2021,3,405,406,4,"58,900"
485,Chevrolet,Camaro ZL1,2022,6.2,650,650,3.5,"64,000"
486,Dodge,Challenger SRT Hellcat,2022,6.2,717,656,3.5,"61,500"
487,Ford,GT,2021,3.5,647,550,2.8,"500,000"
488,Lexus,LC 500,2022,5,471,398,4.4,"92,950"
489,McLaren,570S,2022,3.8,562,443,3.1,"198,950"
490,Mercedes-AMG,C63 S Coupe,2021,4,503,516,3.7,"77,950"
491,Nissan,370Z Nismo,2021,3.7,350,276,4.9,"45,790"
492,Porsche,718 Boxster,2021,2,300,280,4.9,"62,000"
493,Lamborghini,Aventador S,2021,6.5,729,507,2.9,"417,826"
494,Ferrari,F8 Tributo,2021,3.9,710,568,2.9,"274,280"
495,Audi,TT RS Coupe,2021,2.5,394,354,3.6,"67,600"
496,BMW,M4 Coupe,2021,3,473,406,3.8,"71,800"
497,Acura,NSX,2021,3.5,573,476,2.7,"159,495"
498,Aston Martin,DBS Superleggera,2022,5.2,715,664,3.4,"314,500"
499,Bentley,Continental GT,2022,6,626,664,3.3,"214,425"
500,Bugatti,Chiron,2022,8,1500,1180,2.3,"3,000,000"
501,Dodge,Challenger SRT Hellcat,2022,6.2,717,656,3.5,"71,490"
502,Jaguar,F-Type,2021,5,575,516,3.5,"105,900"
503,Koenigsegg,Jesko,2021,5,1280,1106,2.5,"2,800,000"
504,Lexus,LC 500,2021,5,471,398,4.4,"92,950"
505,Lotus,Evora GT,2021,3.5,416,317,3.8,"104,400"
506,Maserati,GranTurismo,2022,4.7,454,384,4.7,"150,980"
507,McLaren,Artura,2022,3,671,531,3,"225,000"
508,Pagani,Huayra,2021,6,764,738,2.6,"2,600,000"
509,Porsche,Cayman GT4,2022,4,414,309,4.2,"102,000"
510,Rimac,C_Two,2021,Electric,1914,1696,1.9,"2,400,000"
511,Rolls-Royce,Wraith,2021,6.8,624,605,4.4,"335,550"
512,Tesla,Model S Plaid,2021,Electric,1020,1050,1.9,"141,990"
513,Toyota,GR Supra,2022,3,382,368,3.9,"43,090"
514,TVR,Griffith,2021,5,500,420,3.9,"157,500"
515,Ultima,RS,2021,6.2,1200,1300,2.3,"220,000"
516,W Motors,Fenyr SuperSport,2022,3.8,800,723,2.7,"1,550,000"
517,Acura,NSX,2021,3.5,573,476,2.9,"157,500"
518,Aston Martin,DBS Superleggera,2022,5.2,715,663,3.2,"308,000"
519,Bentley,Continental GT,2021,6,626,664,3.6,"202,500"
520,Bugatti,Chiron,2021,8,1500,1180,2.3,"3,000,000"
521,Dodge,Challenger SRT Hellcat,2021,6.2,717,656,3.5,"65,000"
522,Jaguar,F-Type,2021,3,380,339,4.9,"63,100"
523,Lexus,LC 500,2021,5,471,398,4.4,"92,950"
524,Lotus,Evija,2022,Electric,1973,1254,2.5,"2,600,000"
525,Maserati,GranTurismo,2021,4.7,454,384,4.8,"134,300"
526,Porsche,Taycan,2021,Electric,616,774,2.6,"185,000"
527,Rimac,C_Two,2022,Electric,1914,1696,1.9,"2,400,000"
528,Tesla,Model S Plaid,2022,Electric,1020,1050,1.98,"140,000"
529,McLaren,Artura,2022,3,671,531,3,"225,000"
530,Mercedes-Benz,AMG GT Black Series,2021,4,720,590,3.1,"325,000"
531,Chevrolet,Camaro ZL1,2021,6.2,650,650,3.5,"63,000"
532,Ford,GT,2021,3.5,647,550,3,"500,000"
533,Aston Martin,DBS Superleggera,2021,5.2,715,664,3.4,"307,820"
534,Jaguar,F-Type,2022,5,575,516,3.5,"103,200"
535,Dodge,Challenger SRT Hellcat Redeye,2021,6.2,797,707,3.5,"80,190"
536,Lotus,Evora GT,2022,3.5,416,317,3.8,"105,000"
537,Alfa Romeo,4C Spider,2020,1.8,237,258,4.1,"68,745"
538,Subaru,WRX STI,2022,2.5,310,290,5.2,"38,170"
539,Acura,NSX,2022,3.5,573,476,2.7,"157,500"
540,Koenigsegg,Jesko,2021,5,1280,1015,2.5,"2,800,000"
541,Tesla,Model S Plaid,2022,Electric,1020,1050,1.98,"139,990"
542,Bugatti,Chiron Super Sport 300+,2022,8,1578,1180,2.3,"5,200,000"
543,McLaren,Senna,2020,4,789,590,2.7,"1,500,000"
544,Porsche,Taycan Turbo S,2022,Electric,750,774,2.6,"185,000"
545,Mercedes-Benz,SLS AMG Black Series,2014,6.2,622,468,3.5,"275,000"
546,Lexus,LC 500,2022,5,471,398,4.4,"93,050"
547,Chevrolet,Camaro ZL1,2022,6.2,650,650,3.5,"65,000"
548,Audi,RS 7 Sportback,2022,4,591,590,3.5,"114,000"
549,Ford,GT,2022,3.5,660,550,3,"500,000"
550,BMW,M2 CS,2022,3,444,406,3.8,"84,595"
551,Porsche,Cayman GT4,2022,4,414,309,4.2,"102,550"
552,Lamborghini,Aventador,2022,6.5,770,531,2.8,"393,695"
553,Aston Martin,Vantage,2021,4,503,505,3.6,"146,000"
554,Lotus,Evora GT,2021,3.5,416,317,3.8,"96,950"
555,Porsche,Panamera Turbo S,2021,4,620,604,2.9,"180,000"
556,Lamborghini,Aventador S,2022,6.5,729,507,2.9,"460,247"
557,Ferrari,SF90 Stradale,2021,4,986,590,2.5,"625,000"
558,Audi,RS 6 Avant,2022,4,591,590,3.1,"110,045"
559,McLaren,570S,2021,3.8,562,443,3.1,"192,500"
560,BMW,M5,2022,4.4,600,553,3.2,"103,500"
561,Mercedes-Benz,AMG C 63 S,2021,4,503,516,3.7,"77,400"
562,Chevrolet,Camaro ZL1,2021,6.2,650,650,3.5,"64,695"
563,Dodge,Challenger SRT Hellcat,2021,6.2,717,656,3.5,"64,195"
564,Ford,GT,2021,3.5,660,550,3,"500,000"
565,Nissan,370Z Nismo,2020,3.7,350,276,5,"46,815"
566,Porsche,Cayman GT4,2021,4,414,309,4.2,"102,550"
567,Audi,TT RS,2021,2.5,394,354,3.6,"67,895"
568,Chevrolet,Corvette Z06,2023,5.5,625,650,2.6,"85,000"
569,Lamborghini,Urus,2022,4,641,626,3.2,"218,009"
570,Mercedes-Benz,AMG GT 63 S,2021,4,630,664,3.1,"162,900"
571,Ferrari,Portofino M,2022,3.9,612,560,3.5,"245,000"
572,Bugatti,Chiron,2021,8,1479,1180,2.5,"3,000,000"
573,Aston Martin,DBS Superleggera,2021,5.2,715,664,3.4,"304,995"
574,Lotus,Evora GT,2021,3.5,416,317,3.8,"100,450"
575,Porsche,Cayman GT4,2022,4,414,309,4.2,"100,200"
576,Acura,NSX,2021,3.5,573,476,2.7,"157,500"
577,Lexus,LC,2021,5,471,398,4.4,"92,950"
578,Alfa Romeo,Giulia Quadrifoglio,2021,2.9,505,443,3.8,"74,750"
579,Audi,RS7,2021,4,591,590,3.5,"114,000"
580,Bentley,Continental GT,2021,6,626,664,3.3,"218,400"
581,BMW,M5,2021,4.4,600,553,3.2,"103,500"
582,Chevrolet,Camaro ZL1,2021,6.2,650,650,3.5,"64,695"
583,Dodge,Challenger Hellcat,2021,6.2,717,656,3.5,"70,595"
584,Ford,GT,2022,3.5,647,550,3,"500,000"
585,Jaguar,F-Type R,2021,5,575,516,3.5,"103,200"
586,Lamborghini,Aventador,2021,6.5,730,509,2.9,"393,695"
587,McLaren,570S,2021,3.8,562,443,3.1,"203,500"
588,Mercedes-Benz,SLS AMG,2015,6.2,583,479,3.6,"221,580"
589,Nissan,370Z Nismo,2020,3.7,350,276,4.7,"47,190"
590,Porsche,Boxster,2021,2,300,280,4.9,"62,000"
591,Porsche,718 Cayman,2022,2,300,280,4.9,"61,500"
592,Lamborghini,Aventador,2021,6.5,759,531,2.9,"393,695"
593,Ferrari,Roma,2021,3.9,612,561,3.3,"222,630"
594,Audi,RS 5,2022,2.9,444,442,3.5,"75,400"
595,McLaren,570S,2020,3.8,562,443,3.1,"208,000"
596,BMW,M2,2022,3,405,406,4.2,"58,900"
597,Mercedes-Benz,SL,2022,3,429,384,4.9,"96,250"
598,Chevrolet,Camaro,2021,6.2,455,455,4,"25,000"
599,Ford,GT,2022,3.5,660,550,3,"500,000"
600,Nissan,370Z Nismo,2021,3.7,350,276,5,"45,000"
601,Aston Martin,DBS Superleggera,2021,5.2,715,664,3.4,"307,820"
602,Lotus,Evora GT,2021,3.5,416,317,3.8,"100,450"
603,Maserati,GranTurismo,2021,4.7,454,384,4.7,"134,300"
604,Porsche,Panamera,2022,2.9,325,331,5.2,"88,550"
605,Lamborghini,Urus,2021,4,641,627,3.6,"218,009"
606,Ferrari,SF90 Stradale,2021,4,986,590,2.5,"625,000"
607,Audi,RS 6,2022,4,591,590,3.5,"109,000"
608,McLaren,Artura,2022,3,671,531,3,"225,000"
609,Porsche,Taycan 4S,2021,Electric (93 kWh),429,472,3.8,"103,800"
610,Lamborghini,Aventador S,2021,6.5,730,509,2.9,"417,650"
611,Ferrari,SF90 Stradale,2021,4,986,590,2.5,"625,000"
612,Audi,RS 7,2022,4,591,590,3.5,"117,000"
613,McLaren,570S,2021,3.8,562,443,3.1,"192,500"
614,BMW,M4,2021,3,473,406,4,"72,800"
615,Mercedes-Benz,SLS AMG,2015,6.2,622,468,3.5,"228,000"
616,Chevrolet,Camaro SS,2021,6.2,455,455,4,"42,000"
617,Ford,GT,2021,3.5,660,550,3,"500,000"
618,Nissan,370Z Nismo,2021,3.7,350,276,5,"48,000"
619,Aston Martin,DBS Superleggera,2021,5.2,715,664,3.2,"307,820"
620,Lexus,LC 500,2021,5,471,398,4.4,"93,000"
621,Bentley,Continental GT,2021,4,626,664,3.3,"202,500"
622,Maserati,GranTurismo,2021,4.7,454,384,4.7,"150,980"
623,Tesla,Model S Plaid,2022,Electric (100 kWh),1020,1050,1.98,"131,190"
624,Rolls-Royce,Dawn,2021,6.6,563,605,4.3,"346,300"
625,Bugatti,Chiron Pur Sport,2021,8,1500,1180,2.3,"3,599,000"
626,McLaren,Senna,2019,4,789,590,2.7,"1,050,000"
627,Porsche,Panamera Turbo S E-Hybrid,2021,Hybrid (4.0),690,641,3,"186,350"
628,Acura,NSX,2021,3.5,573,476,2.7,"157,500"
629,Aston Martin,DB11,2021,4,503,498,3.7,"205,600"
630,Audi,RS7,2021,4,591,590,3.5,"114,000"
631,Bentley,Continental GT,2021,6,626,664,3.6,"201,000"
632,Bugatti,Chiron,2021,8,1500,1180,2.5,"3,000,000"
633,Chevrolet,Camaro ZL1,2022,6.2,650,650,3.5,"67,000"
634,Dodge,Challenger Hellcat,2021,6.2,717,656,3.5,"64,000"
635,Ferrari,812 Superfast,2021,6.5,789,530,2.8,"340,000"
636,Lamborghini,Aventador SVJ,2021,6.5,770,531,2.8,"517,770"
637,McLaren,600LT Spider,2021,3.8,592,457,2.8,"256,500"
638,Mercedes-AMG,GT Black Series,2021,4,720,590,3.1,"325,000"
639,Nissan,400Z,2023,3,400,350,4,"40,000"
640,Porsche,Cayman GT4,2021,4,414,309,4.2,"101,000"
641,Rimac,Nevera,2021,Electric,1914,1696,1.9,"2,400,000"
642,Rolls-Royce,Wraith,2021,6.8,624,605,4.4,"330,000"
643,Tesla,Model S Plaid,2021,Electric,1020,N/A,1.9,"139,990"
644,Toyota,Supra,2021,3,382,368,3.9,"43,000"
645,Porsche,718 Boxster,2021,2,300,280,4.9,"62,000"
646,Porsche,718 Boxster,2022,2,300,280,4.9,"62,000"
647,Lamborghini,Aventador S,2021,6.5,730,509,2.9,"417,826"
648,Ferrari,SF90 Stradale,2022,4,986,590,2.5,"625,000"
649,Audi,RS 7,2022,4,591,590,3.5,"114,000"
650,McLaren,Artura,2021,3,671,531,3,"225,000"
651,BMW,M2,2022,3,405,406,4.1,"58,900"
652,Mercedes-Benz,SLS AMG,2015,6.2,583,479,3.6,"221,580"
653,Chevrolet,Camaro ZL1,2021,6.2,650,650,3.5,"64,695"
654,Ford,GT,2022,3.5,647,550,3,"500,000"
655,Nissan,370Z Nismo,2021,3.7,350,276,4.8,"45,000"
656,Dodge,Charger Hellcat,2021,6.2,707,650,3.6,"69,995"
657,Aston Martin,DBS Superleggera,2021,5.2,715,663,3.2,"305,000"
658,Alfa Romeo,Giulia Quadrifoglio,2021,2.9,505,443,3.8,"75,000"
659,Audi,TT RS,2021,2.5,394,354,3.6,"68,000"
660,Bentley,Continental GT,2021,6,626,664,3.6,"203,825"
661,BMW,M5,2022,4.4,600,553,3.2,"103,500"
662,Chevrolet,Corvette Stingray,2021,6.2,495,470,2.9,"58,900"
663,Dodge,Challenger SRT Hellcat,2021,6.2,717,656,3.5,"63,000"
664,Ford,Mustang GT,2022,5,460,420,4,"45,000"
665,Porsche,Cayman,2022,2,300,280,4.9,"59,900"
666,Lamborghini,Aventador,2021,6.5,770,531,2.8,"417,826"
667,Ferrari,Roma,2022,3.9,612,560,3.3,"222,630"
668,Audi,RS7,2022,4,591,590,3.5,"114,000"
669,McLaren,570S,2021,3.8,562,443,2.7,"204,995"
670,BMW,M4,2022,3,473,406,4.1,"71,800"
671,Mercedes-Benz,SLS AMG,2021,6.2,622,468,3.5,"243,600"
672,Chevrolet,Camaro SS,2021,6.2,455,455,4,"42,000"
673,Ford,GT,2022,3.5,660,550,2.8,"500,000"
674,Nissan,370Z Nismo,2021,3.7,350,276,5,"47,190"
675,Porsche,Panamera,2022,2.9,325,331,5.4,"88,550"
676,Lamborghini,Urus,2021,4,641,627,3.2,"218,000"
677,Ferrari,SF90 Stradale,2021,4,986,590,2.5,"625,000"
678,Audi,RS6,2022,4,591,590,3.5,"113,000"
679,McLaren,Artura,2021,3,671,531,3,"225,000"
680,BMW,M2,2022,3,405,406,4,"58,900"
681,Mercedes-Benz,GT 63,2021,4,577,590,3.3,"161,200"
682,Chevrolet,Camaro ZL1,2021,6.2,650,650,3.5,"63,000"
683,Aston Martin,DBS Superleggera,2021,5.2,715,663,3.2,"310,000"
684,Bugatti,Chiron,2022,8,1500,1180,2.4,"3,000,000"
685,Koenigsegg,Jesko,2021,5,1280,1106,2.5,"2,800,000"
686,Pagani,Huayra,2021,6,764,737,3,"2,600,000"
687,Rimac,C_Two,2022,N/A,1914,1696,1.85,"2,400,000"
688,McLaren,Senna,2021,4,789,590,2.7,"1,000,000"
689,Porsche,918 Spyder,2015,4.6,887,944,2.2,"1,800,000"
690,Ferrari,SF90 Stradale,2021,4,986,590,2.5,"625,000"
691,Lamborghini,Aventador SVJ,2020,6.5,759,531,2.8,"517,000"
692,Audi,RS 6 Avant,2021,4,591,590,3.5,"110,000"
693,Bentley,Continental GT Speed,2022,6,650,664,3.5,"300,000"
694,Chevrolet,Camaro ZL1,2021,6.2,650,650,3.5,"68,000"
695,Dodge,Challenger SRT Hellcat,2021,6.2,717,656,3.5,"65,000"
696,Ford,GT,2021,3.5,660,550,2.9,"500,000"
697,Lexus,LC 500,2022,5,471,398,4.4,"92,000"
698,Lotus,Evija,2022,N/A,1972,1254,2.5,"2,700,000"
699,Mercedes-AMG,GT Black Series,2021,4,720,590,3.1,"330,000"
700,Aston Martin,DB11,2021,4,503,513,3.9,"205,000"
701,Bentley,Continental GT,2022,4,542,568,3.9,"229,000"
702,Jaguar,F-Type,2022,2,296,295,5.4,"62,750"
703,Lotus,Evora GT,2021,3.5,416,317,3.8,"100,000"
704,Maserati,GranTurismo,2021,4.7,454,384,4.7,"135,000"
705,Porsche,Boxster,2022,2,300,280,4.9,"63,000"
706,Alfa Romeo,4C,2020,1.8,237,258,4.2,"67,150"
707,Chevrolet,Camaro,2022,6.2,455,455,4,"62,195"
708,Dodge,Challenger,2022,3.6,305,268,6.4,"28,000"
709,Ford,GT,2022,3.5,660,550,2.9,"500,000"
710,Audi,RS7,2022,4,591,590,3.5,"115,045"
711,BMW,M4,2022,3,473,406,4.1,"71,800"
712,Lamborghini,Aventador,2021,6.5,729,507,2.9,"393,695"
713,Mercedes-Benz,AMG C 63,2021,4,469,479,3.8,"69,900"
714,Nissan,370Z,2021,3.7,350,276,5.3,"30,090"
715,Porsche,Cayman,2022,2,300,280,4.9,"68,000"
716,BMW,i8,2022,1.5,369,184,4.2,"147,500"
717,Chevrolet,Corvette Stingray,2021,6.2,495,470,2.9,"58,900"
718,Porsche,Taycan Turbo S,2022,Electric,750,774,2.6,"185,000"
719,Lamborghini,Aventador S,2021,6.5,729,507,2.9,"417,650"
720,Ferrari,SF90 Stradale,2022,4,986,590,2.5,"625,000"
721,Audi,RS7,2022,4,591,590,3.5,"115,000"
722,McLaren,GT,2022,4,620,465,3.1,"208,000"
723,BMW,M5,2022,4.4,600,553,3.2,"103,500"
724,Mercedes-Benz,SLS AMG,2021,4,730,590,2.9,"250,000"
725,Chevrolet,Camaro ZL1,2021,6.2,650,650,3.5,"63,000"
726,Ford,GT,2022,3.5,660,550,2.8,"500,000"
727,Nissan,370Z Nismo,2021,3.7,350,276,5,"46,100"
728,Porsche,Panamera Turbo S,2022,4,630,604,3.1,"180,000"
729,Lamborghini,Urus,2021,4,641,627,3.2,"218,000"
730,Ferrari,Portofino,2022,3.9,591,561,3.4,"250,000"
731,Audi,TT RS,2022,2.5,394,354,3.6,"70,000"
732,McLaren,570S,2021,3.8,562,443,3.1,"200,000"
733,BMW,i8,2022,Hybrid,369,184,4.2,"148,500"
734,Porsche,718 Cayman,2022,2,300,280,4.9,"61,500"
735,Lamborghini,Aventador,2021,6.5,770,531,2.8,"417,826"
736,Ferrari,Portofino,2022,3.9,612,561,3.3,"245,000"
737,Audi,TT RS,2022,2.5,394,354,3.6,"67,800"
738,McLaren,GT,2022,4,620,465,3.1,"211,300"
739,BMW,M4,2022,3,473,406,4.1,"71,800"
740,Mercedes-Benz,SLS AMG,2015,6.2,622,468,3.5,"222,500"
741,Chevrolet,Camaro SS,2022,6.2,455,455,4,"43,995"
742,Ford,GT,2022,3.5,660,550,2.9,"500,000"
743,Nissan,370Z Nismo,2021,3.7,350,276,4.8,"45,790"
744,Porsche,911 Turbo S,2022,3.8,640,590,2.6,"208,000"
745,McLaren,765LT,2021,4,755,590,2.8,"358,000"
746,Lamborghini,Urus,2021,4,641,627,3.6,"218,009"
747,Mercedes-AMG,GT Black Series,2021,4,720,590,3.1,"325,000"
748,BMW,M5 Competition,2022,4.4,617,553,3.1,"103,500"
749,Audi,RS7,2022,4,591,590,3.5,"115,000"
750,Aston Martin,Vantage,2022,4,503,505,3.5,"152,995"
751,Ferrari,F8 Spider,2021,3.9,710,568,2.9,"274,280"
752,Lexus,LC 500,2022,5,471,398,4.4,"102,550"
753,Porsche,Taycan,2022,N/A,469,479,3.8,"79,900"
754,Lamborghini,Aventador SVJ,2021,6.5,759,531,2.8,"517,770"
755,Ferrari,SF90 Stradale,2021,4,986,590,2.5,"625,000"
756,Audi,RS6 Avant,2021,4,591,590,3.5,"109,000"
757,McLaren,600LT Spider,2021,3.8,592,457,2.8,"256,500"
758,BMW,M4,2022,3,473,406,3.8,"71,800"
759,Mercedes-Benz,AMG GT R,2021,4,577,516,3.5,"180,000"
760,Chevrolet,Camaro ZL1,2021,6.2,650,650,3.5,"64,695"
761,Ford,GT,2022,3.5,660,550,3,"500,000"
762,Nissan,370Z Nismo,2021,3.7,350,276,5,"48,000"
763,Porsche,Panamera Turbo S E-Hybrid,2021,4,690,642,3,"190,000"
764,Lamborghini,Urus,2021,4,641,627,3.5,"218,000"
765,Ferrari,Portofino M,2021,3.9,612,561,3.4,"235,000"
766,Audi,TT RS,2022,2.5,394,354,3.6,"67,600"
767,McLaren,Artura,2022,3,671,531,3,"225,000"
768,BMW,M2 CS,2022,3,444,406,3.8,"84,595"
769,Mercedes-Benz,SLS AMG Black Series,2021,6.2,622,468,3.5,"335,000"
770,Chevrolet,Camaro SS,2021,6.2,455,455,4,"42,000"
771,Porsche,718 Boxster,2022,2,300,280,4.9,"63,000"
772,Lamborghini,Aventador SVJ,2020,6.5,759,531,2.8,"573,966"
773,Ferrari,SF90 Stradale,2022,4,986,590,2.5,"625,000"
774,Audi,TT RS Coupe,2022,2.5,394,354,3.5,"68,000"
775,McLaren,GT,2020,4,612,465,3.1,"210,000"
776,BMW,Z4 Roadster,2022,2,255,295,5.2,"50,000"
777,Mercedes-Benz,SLS AMG,2015,6.2,622,468,3.6,"200,000"
778,Chevrolet,Camaro SS Convertible,2022,6.2,455,455,4,"49,000"
779,Ford,GT,2021,3.5,660,550,2.9,"500,000"
780,Nissan,370Z Coupe,2020,3.7,332,270,5,"30,090"
781,Aston Martin,Vantage,2021,4,503,505,3.6,"142,086"
782,Bentley,Continental GT,2022,6,626,664,3.3,"225,000"
783,Bugatti,Chiron,2021,8,1479,1180,2.4,"3,000,000"
784,Dodge,Challenger SRT Hellcat,2022,6.2,717,656,3.5,"68,000"
785,Jaguar,F-Type,2022,2,296,295,5.4,"63,700"
786,Lotus,Evora GT,2021,3.5,416,317,3.8,"100,000"
787,Maserati,GranTurismo,2022,4.7,454,384,4.7,"150,980"
788,Aston Martin,DBS Superleggera,2021,5.2,715,664,3.2,"304,995"
789,Lotus,Evora GT,2021,3.5,416,317,3.8,"98,395"
790,Porsche,Panamera Turbo S E-Hybrid,2021,4,689,642,3,"190,000"
791,Lamborghini,Aventador SVJ,2021,6.5,759,531,2.8,"517,000"
792,Ferrari,SF90 Stradale,2021,4,986,590,2.5,"625,000"
793,Audi,RS7,2022,4,591,590,3.5,"117,000"
794,Mercedes-Benz,S63 AMG,2021,4,603,664,3.4,"168,000"
795,Chevrolet,Camaro ZL1,2021,6.2,650,650,3.5,"64,500"
796,Ford,GT,2021,3.5,660,550,2.8,"500,000"
797,Nissan,370Z Nismo,2021,3.7,350,276,4.7,"46,000"
798,Porsche,718 Cayman GT4,2022,4,414,309,4.2,"102,000"
799,Mercedes-AMG,C63 S Coupe,2021,4,503,516,3.7,"77,500"
800,Aston Martin,Vantage,2021,4,503,505,3.5,"147,000"
801,McLaren,570S,2021,3.8,562,443,3.1,"193,000"
802,BMW,M5,2022,4.4,600,553,3.2,"103,500"
803,Dodge,Challenger SRT Hellcat,2021,6.2,717,656,3.5,"64,000"
804,Lexus,LC 500,2021,5,471,398,4.4,"92,950"
805,Mercedes-AMG,GT 63 S,2021,4,630,664,3.1,"162,000"
806,Audi,TT RS,2021,2.5,394,354,3.6,"67,600"
807,Acura,NSX,2021,3.5,573,476,2.9,"157,500"
808,Porsche,Cayman GT4,2021,4,414,309,4.2,"102,000"
809,Lamborghini,Aventador S,2021,6.5,730,509,2.9,"417,826"
810,Ferrari,SF90 Stradale,2021,4,986,590,2.5,"625,000"
811,Audi,RS 5,2022,2.9,444,443,3.5,"76,700"
812,McLaren,570S Spider,2020,3.8,562,443,3.1,"208,800"
813,BMW,M2 Competition,2022,3,405,406,4.2,"58,900"
814,Mercedes-Benz,C 63 AMG,2022,4,469,479,3.9,"69,000"
815,Chevrolet,Camaro SS,2021,6.2,455,455,4,"42,000"
816,Ford,Mustang GT,2022,5,460,420,4.5,"43,000"
817,Dodge,Challenger R/T,2021,5.7,372,400,5.1,"35,000"
818,Aston Martin,Vantage,2021,4,503,505,3.6,"151,000"
819,Lotus,Evora GT,2021,3.5,416,317,3.8,"105,000"
820,Alfa Romeo,4C Spider,2020,1.7,237,258,4.1,"69,000"
821,Jaguar,F-Type,2022,2,296,295,5.4,"62,500"
822,Tesla,Roadster,2022,Electric,1000,737,1.9,"200,000"
823,Koenigsegg,Jesko,2022,5,1600,1106,2.5,"3,000,000"
824,Bugatti,Chiron Super Sport 300+,2021,8,1578,1180,2.4,"5,200,000"
825,Rimac,Nevera,2021,Electric,1914,1696,1.85,"2,400,000"
826,Porsche,Cayman GT4,2022,4,414,309,4.2,"102,100"
827,Chevrolet,Camaro ZL1,2022,6.2,650,650,3.5,"63,000"
828,Aston Martin,Vantage,2021,4,503,505,3.5,"142,086"
829,Alfa Romeo,Giulia Quadrifoglio,2022,2.9,505,443,3.8,"83,250"
830,Dodge,Challenger SRT Hellcat,2021,6.2,717,656,3.5,"65,000"
831,Lexus,LC 500,2022,5,471,398,4.4,"93,050"
832,Audi,RS 7 Sportback,2021,4,591,590,3.5,"114,000"
833,BMW,M4 Competition,2022,3,503,479,3.8,"74,700"
834,Mercedes-Benz,C63 S AMG,2022,4,503,516,3.9,"77,600"
835,Ford,GT,2022,3.5,660,550,2.9,"500,000"
836,McLaren,GT,2021,4,620,465,3.1,"210,000"
837,Porsche,Panamera Turbo S,2022,4,630,604,2.9,"181,100"
838,Lamborghini,Aventador S,2021,6.5,730,507,2.9,"417,826"
839,Aston Martin,DBS Superleggera,2022,5.2,715,664,3.2,"329,100"
840,Audi,TT RS,2022,2.5,394,354,3.6,"67,600"
841,Mercedes-Benz,AMG C43 Coupe,2021,3,385,384,4.5,"59,900"
842,BMW,i8,2022,1.5,369,184,4.2,"147,500"
843,Chevrolet,Corvette Stingray,2021,6.2,490,465,2.9,"59,900"
844,Porsche,Taycan,2022,2.0 (Electric),469,263,3.8,"81,250"
845,Lamborghini,Aventador,2021,6.5,730,509,2.9,"517,000"
846,Ferrari,Roma,2021,3.9,611,560,3.3,"222,620"
847,Audi,RS7,2022,4,591,590,3.5,"115,000"
848,McLaren,GT,2021,4,612,465,3.1,"210,000"
849,BMW,M2,2022,3,405,406,4.2,"58,900"
850,Mercedes-Benz,C63 AMG,2021,4,469,479,3.9,"77,000"
851,Chevrolet,Camaro SS,2021,6.2,455,455,4.1,"43,995"
852,Ford,Mustang Mach 1,2021,5,480,420,4.1,"51,720"
853,Nissan,370Z Nismo,2021,3.7,350,276,4.8,"46,610"
854,Porsche,Panamera,2022,2.9,325,331,5.3,"88,550"
855,Lamborghini,Urus,2021,4,641,627,3.6,"218,009"
856,Ferrari,SF90 Stradale,2021,4.0 (Hybrid),986,590,2.5,"625,000"
857,Audi,RS6,2022,4,591,590,3.5,"120,000"
858,McLaren,570S,2021,3.8,562,443,3.1,"192,500"
859,BMW,M4,2022,3,503,479,3.8,"74,000"
860,Mercedes-Benz,AMG A45,2021,2,382,354,4,"50,000"
861,Chevrolet,Camaro ZL1,2021,6.2,650,650,3.5,"63,995"
862,Acura,NSX,2021,3.5,573,476,2.7,"157,500"
863,Aston Martin,Vantage,2021,4,503,505,3.5,"142,086"
864,Bentley,Continental GT,2021,4,542,568,3.3,"202,500"
865,Bugatti,Chiron,2022,8,1479,1180,2.4,"2,900,000"
866,Ferrari,F8 Tributo,2022,3.9,710,568,2.8,"275,000"
867,Lamborghini,Aventador,2021,6.5,730,509,2.9,"517,000"
868,McLaren,GT,2021,4,612,465,3.1,"201,500"
869,Mercedes-Benz,AMG GT R,2021,4,577,516,3.5,"183,000"
870,Porsche,Taycan Turbo S,2021,Electric,750,774,2.6,"185,000"
871,Audi,RS7,2021,4,591,590,3.5,"114,000"
872,BMW,M4,2021,3,473,406,4.1,"71,800"
873,Chevrolet,Camaro ZL1,2021,6.2,650,650,3.5,"63,000"
874,Dodge,Challenger SRT Hellcat Redeye,2022,6.2,797,707,3.5,"80,190"
875,Ford,GT,2022,3.5,660,550,2.8,"500,000"
876,Jaguar,F-Type,2021,3,380,339,4.4,"62,750"
877,Lexus,LC 500,2021,5,471,398,4.4,"92,000"
878,Lotus,Evija,2021,Electric,2000,1254,2.8,"2,800,000"
879,Maserati,GranTurismo,2021,Electric,550,N/A,2.8,"200,000"
880,Nissan,370Z,2021,3.7,332,270,5,"30,090"
881,Rolls-Royce,Ghost,2021,6.8,563,627,4.6,"332,500"
882,Porsche,Taycan,2021,2,402,254,5.1,"81,250"
883,Aston Martin,DB11,2021,4,630,516,3.7,"198,995"
884,Lotus,Evora GT,2021,3.5,416,317,3.8,"105,000"
885,Acura,NSX,2022,3.5,573,476,2.7,"157,500"
886,Tesla,Roadster,2022,0,"10,000","7,376",1.9,"200,000"
887,Chevrolet,Camaro,2022,6.2,455,455,4,"25,000"
888,Dodge,Charger,2021,6.2,797,707,3.3,"72,000"
889,Jaguar,F-Type,2021,3,380,339,4.9,"62,750"
890,Lexus,LC 500,2021,5,471,398,4.4,"93,000"
891,BMW,M4,2022,3,473,406,4.1,"71,800"
892,Ford,GT,2021,3.5,660,550,2.9,"500,000"
893,Maserati,GranTurismo,2021,4.7,454,384,4.7,"150,980"
894,McLaren,600LT,2021,3.8,592,457,2.8,"256,500"
895,Mercedes-Benz,SLS AMG,2021,6.2,622,468,3.6,"254,995"
896,Nissan,370Z,2021,3.7,332,270,5.2,"30,000"
897,Audi,RS 7,2021,4,591,590,3.4,"114,000"
898,Bentley,Continental GT,2021,4,542,568,3.9,"220,000"
899,Bugatti,Chiron,2021,8,"1,500","1,180",2.4,"3,000,000"
900,Porsche,Cayman,2022,2,300,280,4.5,"59,900"
901,Aston Martin,Vantage,2021,4,503,505,3.5,"147,000"
902,Alfa Romeo,4C Spider,2020,1.7,237,258,4.1,"67,150"
903,Audi,RS 5,2022,2.9,444,443,3.5,"75,100"
904,BMW,M2,2022,3,405,406,4,"58,900"
905,Dodge,Challenger SRT Hellcat,2021,6.2,717,656,3.5,"60,695"
906,Ferrari,F8 Spider,2022,3.9,710,568,2.9,"274,390"
907,Jaguar,F-Type,2021,3,296,295,5.4,"64,700"
908,Lamborghini,Aventador,2021,6.5,759,531,2.9,"517,770"
909,Lexus,LC 500,2022,5,471,398,4.4,"92,950"
910,Lotus,Evora GT,2021,3.5,416,317,3.8,"99,990"
911,Maserati,GranTurismo,2021,4.7,454,384,4.7,"150,800"
912,McLaren,GT,2021,4,612,465,3.1,"210,000"
913,Mercedes-Benz,AMG C 63,2021,4,469,479,3.8,"67,600"
914,Nissan,370Z Nismo,2021,3.7,350,276,4.5,"45,790"
915,Porsche,Panamera,2022,2.9,325,331,5.3,"88,800"
916,Subaru,WRX STI,2021,2.5,310,290,5.2,"38,170"
917,Tesla,Roadster,2022,N/A,"10,000+",N/A,1.9,"200,000"
918,Porsche,718 Cayman,2022,2,300,280,4.9,"61,500"
919,Lamborghini,Aventador,2021,6.5,729,509,2.9,"393,695"
920,Ferrari,SF90 Stradale,2022,4,986,590,2.5,"625,000"
921,Audi,RS5 Coupe,2022,2.9,444,443,3.5,"76,350"
922,McLaren,570S,2021,3.8,562,443,3.1,"202,000"
923,BMW,M2,2022,3,405,406,4,"58,900"
924,Mercedes-Benz,SL,2022,3,429,384,4.4,"96,000"
925,Chevrolet,Camaro,2021,6.2,455,455,4,"25,000"
926,Ford,GT,2022,3.5,660,550,2.8,"500,000"
927,Nissan,370Z,2021,3.7,332,270,5.3,"33,000"
928,Alfa Romeo,Giulia Quadrifoglio,2021,2.9,505,443,3.8,"75,250"
929,Aston Martin,DB11,2022,4,630,516,3.7,"201,495"
930,Bentley,Continental GT,2021,6,626,664,3.3,"201,000"
931,Dodge,Challenger,2021,6.4,485,475,3.8,"62,000"
932,Jaguar,F-Type R,2022,5,575,516,3.5,"103,200"
933,Lexus,LC 500,2022,5,471,398,4.4,"92,950"
934,Lotus,Evora GT,2021,3.5,416,317,3.8,"99,000"
935,Maserati,GranTurismo,2021,4.7,454,384,4.7,"150,000"
936,Porsche,Cayman GT4,2021,4,414,309,4.2,"102,500"
937,Aston Martin,Vantage,2022,4,503,505,3.5,"149,995"
938,Dodge,Charger SRT Hellcat,2022,6.2,717,650,3.5,"78,595"
939,Audi,RS 7,2021,4,591,590,3.5,"114,000"
940,Chevrolet,Camaro SS,2022,6.2,455,455,4.1,"37,500"
941,Ford,Mustang GT,2022,5,460,420,4,"38,500"
942,Jaguar,F-Type R,2022,5,575,516,3.5,"103,200"
943,Lexus,LC 500,2022,5,471,398,4.4,"92,950"
944,McLaren,570S,2021,3.8,562,443,3.1,"208,800"
945,Mercedes-Benz,AMG C63,2022,4,469,479,3.8,"71,450"
946,Nissan,370Z Nismo,2021,3.7,350,276,4.9,"47,820"
947,Porsche,Panamera GTS,2021,4,473,457,3.9,"134,150"
948,Audi,TT RS,2022,2.5,394,354,3.6,"67,600"
949,BMW,M4,2021,3,473,406,3.8,"71,800"
950,Ferrari,F8 Tributo,2021,3.9,710,568,2.8,"274,280"
951,Lamborghini,Aventador,2021,6.5,770,531,2.9,"393,695"
952,McLaren,GT,2021,4,612,465,3.1,"250,000"
953,Mercedes-Benz,AMG GT 4-Door Coupe,2021,4,630,664,3.1,"171,200"
954,Aston Martin,DBS Superleggera,2022,5.2,715,663,3.4,"321,000"
955,Lotus,Evora GT,2021,3.5,416,317,3.8,"100,500"
956,Porsche,Taycan Turbo S,2021,Electric,750,774,2.6,"185,000"
957,McLaren,570S,2021,3.8,562,443,3.1,"195,000"
958,Lamborghini,Aventador SVJ,2021,6.5,759,531,2.8,"517,770"
959,Ford,GT,2021,3.5,660,550,3,"500,000"
960,Audi,RS7 Sportback,2022,4,591,590,3.5,"114,000"
961,BMW,M4,2022,3,473,406,4.1,"72,800"
962,Mercedes-AMG,C63 S,2022,4,503,516,3.7,"78,100"
963,Chevrolet,Camaro ZL1,2021,6.2,650,650,3.5,"63,000"
964,Dodge,Charger Hellcat,2021,6.2,717,650,3.6,"70,000"
965,Alfa Romeo,Giulia Quadrifoglio,2021,2.9,505,443,3.8,"78,450"
966,Tesla,Model S Plaid,2022,Electric,"1,020","1,050",1.9,"141,190"
967,Ferrari,SF90 Stradale,2021,4,986,590,2.5,"625,000"
968,Porsche,Panamera Turbo S E-Hybrid,2021,Hybrid,689,642,3,"190,000"
969,McLaren,Artura,2022,3,671,531,3,"225,000"
970,Lamborghini,Urus,2021,4,641,627,3.6,"222,000"
971,Ford,Mustang Mach 1,2021,5,480,420,4,"52,915"
972,Porsche,911,2022,3,379,331,4,"101,200"
973,Lamborghini,Huracan,2021,5.2,630,443,2.8,"274,390"
974,Ferrari,488 GTB,2022,3.9,661,561,3,"333,750"
975,Audi,R8,2022,5.2,562,406,3.2,"142,700"
976,McLaren,720S,2021,4,710,568,2.7,"298,000"
977,BMW,M8,2022,4.4,617,553,3.1,"130,000"
978,Mercedes-Benz,AMG GT,2021,4,523,494,3.8,"118,500"
979,Chevrolet,Corvette,2021,6.2,490,465,2.8,"59,900"
980,Ford,Mustang Shelby GT500,2022,5.2,760,625,3.5,"81,000"
981,Nissan,GT-R Nismo,2021,3.8,600,481,2.5,"212,000"
982,Dodge,Challenger SRT Hellcat,2021,6.2,717,656,3.5,"64,195"
983,Aston Martin,Vantage,2021,4,503,505,3.6,"147,000"
984,Bugatti,Chiron,2022,8,1500,1180,2.5,"3,900,000"
985,Koenigsegg,Jesko,2022,5,1280,1015,2.5,"3,000,000"
986,Pagani,Huayra,2021,6,764,740,2.8,"2,600,000"
987,Rimac,Nevera,2022,Electric,1914,1696,1.85,"2,400,000"
988,Lotus,Evija,2022,Electric,1973,1254,2.5,"2,000,000"
989,Pininfarina,Battista,2021,Electric,1872,1696,1.9,"2,500,000"
990,Maserati,MC20,2021,3,621,538,2.9,"210,000"
991,Porsche,Cayman,2021,2,300,280,5.1,"59,900"
992,Lamborghini,Aventador,2021,6.5,730,509,2.9,"393,695"
993,Ferrari,SF90 Stradale,2021,4,986,590,2.5,"625,000"
994,Audi,RS 5,2021,2.9,444,443,3.5,"75,100"
995,McLaren,GT,2022,4,612,465,3.1,"210,000"
996,BMW,M2,2021,3,405,406,4,"58,900"
997,Mercedes-Benz,SLS AMG,2021,6.3,622,468,3.6,"254,500"
998,Chevrolet,Camaro,2021,6.2,455,455,4,"25,000"
999,Ford,Mustang,2021,2.3,310,350,5.3,"27,205"
1000,Nissan,370Z,2021,3.7,332,270,5.1,"30,090"
1001,Aston Martin,Vantage,2021,4,503,505,3.6,"146,000"
1002,Bugatti,Chiron,2021,8,1479,1180,2.4,"3,000,000"
1003,Koenigsegg,Jesko,2022,5,1280,1106,2.5,"3,000,000"
1004,Lotus,Evija,2021,Electric Motor,1972,1254,2,"2,000,000"
1005,McLaren,Senna,2021,4,789,590,2.7,"1,000,000"
1006,Pagani,Huayra,2021,6,764,738,3,"2,600,000"
1007,Rimac,Nevera,2021,Electric Motor,1888,1696,1.85,"2,400,000"
